{
  "hash": "db3484c4",
  "configHash": "a3d6276e",
  "lockfileHash": "bcbea876",
  "browserHash": "5197ba18",
  "optimized": {
    "@angular/common": {
      "src": "../../../../../node_modules/@angular/common/fesm2022/common.mjs",
      "file": "@angular_common.js",
      "fileHash": "3dcecb79",
      "needsInterop": false
    },
    "@angular/common/http": {
      "src": "../../../../../node_modules/@angular/common/fesm2022/http.mjs",
      "file": "@angular_common_http.js",
      "fileHash": "6996de97",
      "needsInterop": false
    },
    "@angular/core": {
      "src": "../../../../../node_modules/@angular/core/fesm2022/core.mjs",
      "file": "@angular_core.js",
      "fileHash": "d8c1791c",
      "needsInterop": false
    },
    "@angular/forms": {
      "src": "../../../../../node_modules/@angular/forms/fesm2022/forms.mjs",
      "file": "@angular_forms.js",
      "fileHash": "1d27c871",
      "needsInterop": false
    },
    "@angular/platform-browser": {
      "src": "../../../../../node_modules/@angular/platform-browser/fesm2022/platform-browser.mjs",
      "file": "@angular_platform-browser.js",
      "fileHash": "72c824a0",
      "needsInterop": false
    },
    "@angular/router": {
      "src": "../../../../../node_modules/@angular/router/fesm2022/router.mjs",
      "file": "@angular_router.js",
      "fileHash": "a9e8261a",
      "needsInterop": false
    }
  },
  "chunks": {
    "chunk-GYZF2YTZ": {
      "file": "chunk-GYZF2YTZ.js"
    },
    "chunk-J3TLDH52": {
      "file": "chunk-J3TLDH52.js"
    },
    "chunk-H4MSFGPA": {
      "file": "chunk-H4MSFGPA.js"
    },
    "chunk-AMIGZ4PN": {
      "file": "chunk-AMIGZ4PN.js"
    }
  }
}